{
    "name": "root",
    "metadata": {
        "timer_format_version": "0.1.0",
        "start_time_seconds": "1682303909",
        "python_version": "3.9.13 (tags/v3.9.13:6de2ca5, May 17 2022, 16:36:42) [MSC v.1929 64 bit (AMD64)]",
        "command_line_arguments": "D:\\Repositories\\MachineLearning\\venv\\Scripts\\mlagents-learn --run-id=Test2",
        "mlagents_version": "0.30.0",
        "mlagents_envs_version": "0.30.0",
        "communication_protocol_version": "1.5.0",
        "pytorch_version": "2.0.0+cpu",
        "numpy_version": "1.21.2",
        "end_time_seconds": "1682303991"
    },
    "total": 81.8666551,
    "count": 1,
    "self": 0.005598800000001347,
    "children": {
        "run_training.setup": {
            "total": 0.020294400000000046,
            "count": 1,
            "self": 0.020294400000000046
        },
        "TrainerController.start_learning": {
            "total": 81.8407619,
            "count": 1,
            "self": 0.06638170000006482,
            "children": {
                "TrainerController._reset_env": {
                    "total": 5.3349255,
                    "count": 1,
                    "self": 5.3349255
                },
                "TrainerController.advance": {
                    "total": 76.33899049999995,
                    "count": 5834,
                    "self": 0.061533699999969826,
                    "children": {
                        "env_step": {
                            "total": 75.9229377,
                            "count": 5834,
                            "self": 73.41915650000001,
                            "children": {
                                "SubprocessEnvManager._take_step": {
                                    "total": 2.462372500000005,
                                    "count": 5834,
                                    "self": 0.2019065000000264,
                                    "children": {
                                        "TorchPolicy.evaluate": {
                                            "total": 2.2604659999999788,
                                            "count": 5834,
                                            "self": 2.2604659999999788
                                        }
                                    }
                                },
                                "workers": {
                                    "total": 0.041408699999980314,
                                    "count": 5833,
                                    "self": 0.0,
                                    "children": {
                                        "worker_root": {
                                            "total": 14.676454800000068,
                                            "count": 5833,
                                            "is_parallel": true,
                                            "self": 5.9945815000001055,
                                            "children": {
                                                "steps_from_proto": {
                                                    "total": 0.00025399999999997647,
                                                    "count": 1,
                                                    "is_parallel": true,
                                                    "self": 7.620000000052585e-05,
                                                    "children": {
                                                        "_process_rank_one_or_two_observation": {
                                                            "total": 0.00017779999999945062,
                                                            "count": 4,
                                                            "is_parallel": true,
                                                            "self": 0.00017779999999945062
                                                        }
                                                    }
                                                },
                                                "UnityEnvironment.step": {
                                                    "total": 8.681619299999962,
                                                    "count": 5833,
                                                    "is_parallel": true,
                                                    "self": 0.2390295999999985,
                                                    "children": {
                                                        "UnityEnvironment._generate_step_input": {
                                                            "total": 0.1890425999999037,
                                                            "count": 5833,
                                                            "is_parallel": true,
                                                            "self": 0.1890425999999037
                                                        },
                                                        "communicator.exchange": {
                                                            "total": 7.522595300000053,
                                                            "count": 5833,
                                                            "is_parallel": true,
                                                            "self": 7.522595300000053
                                                        },
                                                        "steps_from_proto": {
                                                            "total": 0.7309518000000059,
                                                            "count": 5833,
                                                            "is_parallel": true,
                                                            "self": 0.295108300000142,
                                                            "children": {
                                                                "_process_rank_one_or_two_observation": {
                                                                    "total": 0.43584349999986394,
                                                                    "count": 23332,
                                                                    "is_parallel": true,
                                                                    "self": 0.43584349999986394
                                                                }
                                                            }
                                                        }
                                                    }
                                                }
                                            }
                                        }
                                    }
                                }
                            }
                        },
                        "trainer_advance": {
                            "total": 0.3545190999999752,
                            "count": 5833,
                            "self": 0.07822509999999383,
                            "children": {
                                "process_trajectory": {
                                    "total": 0.2762939999999814,
                                    "count": 5833,
                                    "self": 0.2762939999999814
                                }
                            }
                        }
                    }
                },
                "TrainerController._save_models": {
                    "total": 0.10046419999999046,
                    "count": 1,
                    "self": 0.009351699999996299,
                    "children": {
                        "RLTrainer._checkpoint": {
                            "total": 0.09111249999999416,
                            "count": 1,