{
    "name": "root",
    "metadata": {
        "timer_format_version": "0.1.0",
        "start_time_seconds": "1682303661",
        "python_version": "3.9.13 (tags/v3.9.13:6de2ca5, May 17 2022, 16:36:42) [MSC v.1929 64 bit (AMD64)]",
        "command_line_arguments": "D:\\Repositories\\MachineLearning\\venv\\Scripts\\mlagents-learn --run-id=Test1",
        "mlagents_version": "0.30.0",
        "mlagents_envs_version": "0.30.0",
        "communication_protocol_version": "1.5.0",
        "pytorch_version": "2.0.0+cpu",
        "numpy_version": "1.21.2",
        "end_time_seconds": "1682303747"
    },
    "total": 85.91503589999999,
    "count": 1,
    "self": 0.0035683999999918115,
    "children": {
        "run_training.setup": {
            "total": 0.025828900000000043,
            "count": 1,
            "self": 0.025828900000000043
        },
        "TrainerController.start_learning": {
            "total": 85.88563860000001,
            "count": 1,
            "self": 0.03233269999995514,
            "children": {
                "TrainerController._reset_env": {
                    "total": 16.079127600000003,
                    "count": 1,
                    "self": 16.079127600000003
                },
                "TrainerController.advance": {
                    "total": 69.73310430000004,
                    "count": 2784,
                    "self": 0.030434400000032724,
                    "children": {
                        "env_step": {
                            "total": 69.55268470000003,
                            "count": 2784,
                            "self": 68.36830159999994,
                            "children": {
                                "SubprocessEnvManager._take_step": {
                                    "total": 1.1654968000000672,
                                    "count": 2784,
                                    "self": 0.09652319999997871,
                                    "children": {
                                        "TorchPolicy.evaluate": {
                                            "total": 1.0689736000000885,
                                            "count": 2784,
                                            "self": 1.0689736000000885
                                        }
                                    }
                                },
                                "workers": {
                                    "total": 0.01888630000001612,
                                    "count": 2783,
                                    "self": 0.0,
                                    "children": {
                                        "worker_root": {
                                            "total": 8.042279600000043,
                                            "count": 2783,
                                            "is_parallel": true,
                                            "self": 2.8682202000000387,
                                            "children": {
                                                "steps_from_proto": {
                                                    "total": 0.0005135000000002776,
                                                    "count": 1,
                                                    "is_parallel": true,
                                                    "self": 0.00011000000000294108,
                                                    "children": {
                                                        "_process_rank_one_or_two_observation": {
                                                            "total": 0.00040349999999733654,
                                                            "count": 4,
                                                            "is_parallel": true,
                                                            "self": 0.00040349999999733654
                                                        }
                                                    }
                                                },
                                                "UnityEnvironment.step": {
                                                    "total": 5.173545900000004,
                                                    "count": 2783,
                                                    "is_parallel": true,
                                                    "self": 0.11963430000009012,
                                                    "children": {
                                                        "UnityEnvironment._generate_step_input": {
                                                            "total": 0.09134909999993113,
                                                            "count": 2783,
                                                            "is_parallel": true,
                                                            "self": 0.09134909999993113
                                                        },
                                                        "communicator.exchange": {
                                                            "total": 4.600070200000076,
                                                            "count": 2783,
                                                            "is_parallel": true,
                                                            "self": 4.600070200000076
                                                        },
                                                        "steps_from_proto": {
                                                            "total": 0.3624922999999072,
                                                            "count": 2783,
                                                            "is_parallel": true,
                                                            "self": 0.14510679999998288,
                                                            "children": {
                                                                "_process_rank_one_or_two_observation": {
                                                                    "total": 0.2173854999999243,
                                                                    "count": 11132,
                                                                    "is_parallel": true,
                                                                    "self": 0.2173854999999243
                                                                }
                                                            }
                                                        }
                                                    }
                                                }
                                            }
                                        }
                                    }
                                }
                            }
                        },
                        "trainer_advance": {
                            "total": 0.14998519999997129,
                            "count": 2783,
                            "self": 0.03732539999993634,
                            "children": {
                                "process_trajectory": {
                                    "total": 0.11265980000003495,
                                    "count": 2783,
                                    "self": 0.11265980000003495
                                }
                            }
                        }
                    }
                },
                "TrainerController._save_models": {
                    "total": 0.04107400000000894,
                    "count": 1,
                    "self": 1.830000000779819e-05,
                    "children": {
                        "RLTrainer._checkpoint": {
                            "total": 0.04105570000000114,
                            "count": 1,