{
    "name": "root",
    "metadata": {
        "timer_format_version": "0.1.0",
        "start_time_seconds": "1682304018",
        "python_version": "3.9.13 (tags/v3.9.13:6de2ca5, May 17 2022, 16:36:42) [MSC v.1929 64 bit (AMD64)]",
        "command_line_arguments": "D:\\Repositories\\MachineLearning\\venv\\Scripts\\mlagents-learn --run-id=Test3",
        "mlagents_version": "0.30.0",
        "mlagents_envs_version": "0.30.0",
        "communication_protocol_version": "1.5.0",
        "pytorch_version": "2.0.0+cpu",
        "numpy_version": "1.21.2",
        "end_time_seconds": "1682304092"
    },
    "total": 74.61467809999999,
    "count": 1,
    "self": 0.0035295999999931382,
    "children": {
        "run_training.setup": {
            "total": 0.019367800000000157,
            "count": 1,
            "self": 0.019367800000000157
        },
        "TrainerController.start_learning": {
            "total": 74.5917807,
            "count": 1,
            "self": 0.02628999999997461,
            "children": {
                "TrainerController._reset_env": {
                    "total": 6.620711899999999,
                    "count": 1,
                    "self": 6.620711899999999
                },
                "TrainerController.advance": {
                    "total": 67.87569970000003,
                    "count": 2201,
                    "self": 0.024117500000073733,
                    "children": {
                        "env_step": {
                            "total": 67.71771530000002,
                            "count": 2201,
                            "self": 66.7341184,
                            "children": {
                                "SubprocessEnvManager._take_step": {
                                    "total": 0.9684100999999536,
                                    "count": 2201,
                                    "self": 0.07882299999992703,
                                    "children": {
                                        "TorchPolicy.evaluate": {
                                            "total": 0.8895871000000266,
                                            "count": 2201,
                                            "self": 0.8895871000000266
                                        }
                                    }
                                },
                                "workers": {
                                    "total": 0.01518680000006789,
                                    "count": 2200,
                                    "self": 0.0,
                                    "children": {
                                        "worker_root": {
                                            "total": 6.124678499999981,
                                            "count": 2200,
                                            "is_parallel": true,
                                            "self": 2.3372928999999747,
                                            "children": {
                                                "steps_from_proto": {
                                                    "total": 0.00022639999999984894,
                                                    "count": 1,
                                                    "is_parallel": true,
                                                    "self": 7.439999999814262e-05,
                                                    "children": {
                                                        "_process_rank_one_or_two_observation": {
                                                            "total": 0.00015200000000170633,
                                                            "count": 4,
                                                            "is_parallel": true,
                                                            "self": 0.00015200000000170633
                                                        }
                                                    }
                                                },
                                                "UnityEnvironment.step": {
                                                    "total": 3.7871592000000067,
                                                    "count": 2200,
                                                    "is_parallel": true,
                                                    "self": 0.0987535999999718,
                                                    "children": {
                                                        "UnityEnvironment._generate_step_input": {
                                                            "total": 0.07668140000003643,
                                                            "count": 2200,
                                                            "is_parallel": true,
                                                            "self": 0.07668140000003643
                                                        },
                                                        "communicator.exchange": {
                                                            "total": 3.3187806999999916,
                                                            "count": 2200,
                                                            "is_parallel": true,
                                                            "self": 3.3187806999999916
                                                        },
                                                        "steps_from_proto": {
                                                            "total": 0.2929435000000069,
                                                            "count": 2200,
                                                            "is_parallel": true,
                                                            "self": 0.11747410000015446,
                                                            "children": {
                                                                "_process_rank_one_or_two_observation": {
                                                                    "total": 0.17546939999985245,
                                                                    "count": 8800,
                                                                    "is_parallel": true,
                                                                    "self": 0.17546939999985245
                                                                }
                                                            }
                                                        }
                                                    }
                                                }
                                            }
                                        }
                                    }
                                }
                            }
                        },
                        "trainer_advance": {
                            "total": 0.13386689999992996,
                            "count": 2200,
                            "self": 0.0296362999998685,
                            "children": {
                                "process_trajectory": {
                                    "total": 0.10423060000006146,
                                    "count": 2200,
                                    "self": 0.10423060000006146
                                }
                            }
                        }
                    }
                },
                "TrainerController._save_models": {
                    "total": 0.06907909999999617,
                    "count": 1,
                    "self": 0.0074333000000024185,
                    "children": {
                        "RLTrainer._checkpoint": {
                            "total": 0.061645799999993756,
                            "count": 1,